{
	"credit": "Created by Stridey",
	"parent": "block/thin_block",
	"textures": {
		"1": "block/spruce_trapdoor",
		"particle": "block/spruce_trapdoor_vt",
		"texture": "block/spruce_trapdoor_vt"
	},
	"elements": [
		{
			"from": [0, 13, 0],
			"to": [16, 16, 16],
			"faces": {
				"north": {"uv": [0, 0, 16, 3], "texture": "#texture", "cullface": "north"},
				"east": {"uv": [0, 0, 16, 3], "texture": "#texture", "cullface": "east"},
				"south": {"uv": [0, 0, 16, 3], "texture": "#texture", "cullface": "south"},
				"west": {"uv": [0, 0, 16, 3], "texture": "#texture", "cullface": "west"},
				"up": {"uv": [0, 16, 16, 0], "texture": "#texture", "cullface": "up"},
				"down": {"uv": [0, 0, 16, 16], "texture": "#texture"}
			}
		},
		{
			"from": [13, 16, 0],
			"to": [15, 17, 4],
			"faces": {
				"north": {"uv": [13, 15, 15, 16], "rotation": 180, "texture": "#texture", "cullface": "north"},
				"east": {"uv": [14, 0, 15, 4], "rotation": 90, "texture": "#texture", "cullface": "up"},
				"south": {"uv": [13, 15, 15, 16], "rotation": 180, "texture": "#texture", "cullface": "up"},
				"west": {"uv": [13, 0, 14, 4], "rotation": 270, "texture": "#texture", "cullface": "up"},
				"up": {"uv": [13, 0, 15, 4], "texture": "#texture", "cullface": "up"}
			}
		},
		{
			"from": [14, 12, 4],
			"to": [15, 17, 12],
			"faces": {
				"east": {"uv": [14, 4, 15, 12], "rotation": 90, "texture": "#texture"},
				"west": {"uv": [14, 4, 15, 12], "rotation": 270, "texture": "#texture"},
				"up": {"uv": [14, 4, 15, 12], "texture": "#texture", "cullface": "up"},
				"down": {"uv": [14, 4, 15, 12], "rotation": 180, "texture": "#texture"}
			}
		},
		{
			"from": [1, 12, 4],
			"to": [2, 17, 12],
			"faces": {
				"east": {"uv": [1, 4, 2, 12], "rotation": 90, "texture": "#texture"},
				"west": {"uv": [1, 4, 2, 12], "rotation": 270, "texture": "#texture"},
				"up": {"uv": [1, 4, 2, 12], "texture": "#texture", "cullface": "up"},
				"down": {"uv": [1, 4, 2, 12], "rotation": 180, "texture": "#texture"}
			}
		},
		{
			"from": [13, 16, 12],
			"to": [15, 17, 16],
			"faces": {
				"north": {"uv": [13, 15, 15, 16], "rotation": 180, "texture": "#texture", "cullface": "up"},
				"east": {"uv": [14, 12, 15, 16], "rotation": 90, "texture": "#texture", "cullface": "up"},
				"south": {"uv": [13, 15, 15, 16], "rotation": 180, "texture": "#texture", "cullface": "up"},
				"west": {"uv": [13, 12, 14, 16], "rotation": 270, "texture": "#texture", "cullface": "up"},
				"up": {"uv": [13, 12, 15, 16], "texture": "#texture", "cullface": "up"}
			}
		},
		{
			"from": [1, 16, 0],
			"to": [3, 17, 4],
			"faces": {
				"north": {"uv": [1, 15, 3, 16], "rotation": 180, "texture": "#texture", "cullface": "north"},
				"east": {"uv": [2, 0, 3, 4], "rotation": 90, "texture": "#texture", "cullface": "up"},
				"south": {"uv": [1, 15, 3, 16], "rotation": 180, "texture": "#texture", "cullface": "up"},
				"west": {"uv": [1, 0, 2, 4], "rotation": 270, "texture": "#texture", "cullface": "up"},
				"up": {"uv": [1, 0, 3, 4], "texture": "#texture", "cullface": "up"}
			}
		},
		{
			"from": [1, 16, 12],
			"to": [3, 17, 16],
			"faces": {
				"north": {"uv": [1, 15, 3, 16], "rotation": 180, "texture": "#texture", "cullface": "up"},
				"east": {"uv": [2, 12, 3, 16], "rotation": 90, "texture": "#texture", "cullface": "up"},
				"south": {"uv": [1, 15, 3, 16], "rotation": 180, "texture": "#texture", "cullface": "up"},
				"west": {"uv": [1, 12, 2, 16], "rotation": 270, "texture": "#texture", "cullface": "up"},
				"up": {"uv": [1, 12, 3, 16], "texture": "#texture", "cullface": "up"}
			}
		},
		{
			"from": [1, 12, 12],
			"to": [3, 13, 16],
			"faces": {
				"north": {"uv": [1, 15, 3, 16], "rotation": 180, "texture": "#texture"},
				"east": {"uv": [2, 12, 3, 16], "rotation": 90, "texture": "#texture"},
				"south": {"uv": [1, 15, 3, 16], "rotation": 180, "texture": "#texture", "cullface": "south"},
				"west": {"uv": [1, 12, 2, 16], "rotation": 270, "texture": "#texture"},
				"down": {"uv": [1, 0, 3, 4], "texture": "#texture"}
			}
		},
		{
			"from": [13, 12, 12],
			"to": [15, 13, 16],
			"faces": {
				"north": {"uv": [13, 15, 15, 16], "rotation": 180, "texture": "#texture"},
				"east": {"uv": [14, 0, 15, 4], "rotation": 270, "texture": "#texture"},
				"south": {"uv": [13, 15, 15, 16], "rotation": 180, "texture": "#texture", "cullface": "south"},
				"west": {"uv": [13, 0, 14, 4], "rotation": 90, "texture": "#texture"},
				"down": {"uv": [13, 0, 15, 4], "texture": "#texture"}
			}
		},
		{
			"from": [13, 12, 0],
			"to": [15, 13, 4],
			"faces": {
				"north": {"uv": [13, 15, 15, 16], "rotation": 180, "texture": "#texture", "cullface": "north"},
				"east": {"uv": [14, 12, 15, 16], "rotation": 270, "texture": "#texture"},
				"south": {"uv": [13, 15, 15, 16], "rotation": 180, "texture": "#texture"},
				"west": {"uv": [13, 12, 14, 16], "rotation": 90, "texture": "#texture"},
				"down": {"uv": [13, 12, 15, 16], "texture": "#texture"}
			}
		},
		{
			"from": [1, 12, 0],
			"to": [3, 13, 4],
			"faces": {
				"north": {"uv": [1, 15, 3, 16], "rotation": 180, "texture": "#texture", "cullface": "north"},
				"east": {"uv": [2, 0, 3, 4], "rotation": 90, "texture": "#texture"},
				"south": {"uv": [1, 15, 3, 16], "rotation": 180, "texture": "#texture"},
				"west": {"uv": [1, 0, 2, 4], "rotation": 270, "texture": "#texture"},
				"down": {"uv": [1, 12, 3, 16], "texture": "#texture"}
			}
		},
		{
			"from": [10, 16, 0],
			"to": [12, 17, 4],
			"faces": {
				"north": {"uv": [10, 15, 12, 16], "texture": "#texture", "cullface": "north"},
				"east": {"uv": [11, 0, 12, 4], "rotation": 90, "texture": "#texture", "cullface": "up"},
				"south": {"uv": [10, 15, 12, 16], "rotation": 180, "texture": "#texture", "cullface": "up"},
				"west": {"uv": [10, 0, 11, 4], "rotation": 270, "texture": "#texture", "cullface": "up"},
				"up": {"uv": [10, 0, 12, 4], "texture": "#texture", "cullface": "up"}
			}
		},
		{
			"from": [10, 16, 12],
			"to": [12, 17, 16],
			"faces": {
				"north": {"uv": [10, 15, 12, 16], "texture": "#texture", "cullface": "up"},
				"east": {"uv": [11, 12, 12, 16], "rotation": 90, "texture": "#texture", "cullface": "up"},
				"south": {"uv": [10, 15, 12, 16], "rotation": 180, "texture": "#texture", "cullface": "up"},
				"west": {"uv": [10, 12, 11, 16], "rotation": 270, "texture": "#texture", "cullface": "up"},
				"up": {"uv": [10, 12, 12, 16], "texture": "#texture", "cullface": "up"}
			}
		},
		{
			"from": [7, 16, 0],
			"to": [9, 17, 4],
			"faces": {
				"north": {"uv": [7, 15, 9, 16], "texture": "#texture", "cullface": "north"},
				"east": {"uv": [8, 0, 9, 4], "rotation": 90, "texture": "#texture", "cullface": "up"},
				"south": {"uv": [7, 15, 9, 16], "rotation": 180, "texture": "#texture", "cullface": "up"},
				"west": {"uv": [7, 0, 8, 4], "rotation": 270, "texture": "#texture", "cullface": "up"},
				"up": {"uv": [7, 0, 9, 4], "texture": "#texture", "cullface": "up"}
			}
		},
		{
			"from": [7, 16, 12],
			"to": [9, 17, 16],
			"faces": {
				"north": {"uv": [7, 15, 9, 16], "texture": "#texture", "cullface": "up"},
				"east": {"uv": [8, 12, 9, 16], "rotation": 90, "texture": "#texture", "cullface": "up"},
				"south": {"uv": [7, 15, 9, 16], "rotation": 180, "texture": "#texture", "cullface": "up"},
				"west": {"uv": [7, 12, 8, 16], "rotation": 270, "texture": "#texture", "cullface": "up"},
				"up": {"uv": [7, 12, 9, 16], "texture": "#texture", "cullface": "up"}
			}
		},
		{
			"from": [4, 16, 0],
			"to": [6, 17, 4],
			"faces": {
				"north": {"uv": [4, 15, 6, 16], "texture": "#texture", "cullface": "north"},
				"east": {"uv": [5, 0, 6, 4], "rotation": 90, "texture": "#texture", "cullface": "up"},
				"south": {"uv": [4, 15, 6, 16], "rotation": 180, "texture": "#texture", "cullface": "up"},
				"west": {"uv": [4, 0, 5, 4], "rotation": 270, "texture": "#texture", "cullface": "up"},
				"up": {"uv": [4, 0, 6, 4], "texture": "#texture", "cullface": "up"}
			}
		},
		{
			"from": [4, 16, 12],
			"to": [6, 17, 16],
			"faces": {
				"north": {"uv": [4, 15, 6, 16], "texture": "#texture", "cullface": "up"},
				"east": {"uv": [5, 12, 6, 16], "rotation": 90, "texture": "#texture", "cullface": "up"},
				"south": {"uv": [4, 15, 6, 16], "rotation": 180, "texture": "#texture", "cullface": "up"},
				"west": {"uv": [4, 12, 5, 16], "rotation": 270, "texture": "#texture", "cullface": "up"},
				"up": {"uv": [4, 12, 6, 16], "texture": "#texture", "cullface": "up"}
			}
		},
		{
			"from": [4, 12, 12],
			"to": [6, 13, 16],
			"faces": {
				"north": {"uv": [4, 0, 6, 1], "rotation": 180, "texture": "#texture"},
				"east": {"uv": [5, 0, 6, 4], "rotation": 270, "texture": "#texture"},
				"south": {"uv": [4, 0, 6, 1], "rotation": 180, "texture": "#texture", "cullface": "south"},
				"west": {"uv": [4, 0, 5, 4], "rotation": 90, "texture": "#texture"},
				"down": {"uv": [4, 0, 6, 4], "texture": "#texture"}
			}
		},
		{
			"from": [7, 12, 12],
			"to": [9, 13, 16],
			"faces": {
				"north": {"uv": [7, 1, 9, 0], "rotation": 180, "texture": "#texture"},
				"east": {"uv": [8, 0, 9, 4], "rotation": 270, "texture": "#texture"},
				"south": {"uv": [7, 0, 9, 1], "rotation": 180, "texture": "#texture", "cullface": "south"},
				"west": {"uv": [7, 0, 8, 4], "rotation": 90, "texture": "#texture"},
				"down": {"uv": [7, 0, 9, 4], "texture": "#texture"}
			}
		},
		{
			"from": [10, 12, 12],
			"to": [12, 13, 16],
			"faces": {
				"north": {"uv": [10, 0, 12, 1], "rotation": 180, "texture": "#texture"},
				"east": {"uv": [11, 0, 12, 4], "rotation": 270, "texture": "#texture"},
				"south": {"uv": [10, 0, 12, 1], "rotation": 180, "texture": "#texture", "cullface": "south"},
				"west": {"uv": [10, 0, 11, 4], "rotation": 90, "texture": "#texture"},
				"down": {"uv": [10, 0, 12, 4], "texture": "#texture"}
			}
		},
		{
			"from": [7, 12, 0],
			"to": [9, 13, 4],
			"faces": {
				"north": {"uv": [7, 0, 9, 1], "rotation": 180, "texture": "#texture", "cullface": "north"},
				"east": {"uv": [8, 12, 9, 16], "rotation": 270, "texture": "#texture"},
				"south": {"uv": [7, 0, 9, 1], "rotation": 180, "texture": "#texture"},
				"west": {"uv": [7, 12, 8, 16], "rotation": 90, "texture": "#texture"},
				"down": {"uv": [7, 12, 9, 16], "texture": "#texture"}
			}
		},
		{
			"from": [10, 12, 0],
			"to": [12, 13, 4],
			"faces": {
				"north": {"uv": [10, 0, 12, 1], "rotation": 180, "texture": "#texture", "cullface": "north"},
				"east": {"uv": [11, 12, 12, 16], "rotation": 270, "texture": "#texture"},
				"south": {"uv": [10, 0, 12, 1], "rotation": 180, "texture": "#texture"},
				"west": {"uv": [10, 12, 11, 16], "rotation": 90, "texture": "#texture"},
				"down": {"uv": [10, 12, 12, 16], "texture": "#texture"}
			}
		},
		{
			"from": [4, 12, 0],
			"to": [6, 13, 4],
			"faces": {
				"north": {"uv": [4, 0, 6, 1], "rotation": 180, "texture": "#texture", "cullface": "north"},
				"east": {"uv": [5, 12, 6, 16], "rotation": 270, "texture": "#texture"},
				"south": {"uv": [4, 0, 6, 1], "rotation": 180, "texture": "#texture"},
				"west": {"uv": [4, 12, 5, 16], "rotation": 90, "texture": "#texture"},
				"down": {"uv": [4, 12, 6, 16], "texture": "#texture"}
			}
		},
		{
			"from": [14, 13, 4],
			"to": [2, 16, 12],
			"faces": {
				"north": {"uv": [2, 0, 14, 3], "texture": "#1", "cullface": "north"},
				"south": {"uv": [2, 13, 14, 16], "texture": "#1", "cullface": "north"}
			}
		}
	]
}